"place","pop2023","growthRate","area","country","cca3","cca2","ccn3","region","subregion","landAreaKm","density","densityMi","Rank","ethnicFract","lingFrac","religFrac","rank"
800,48582334,0.02821,241550,"Uganda","UGA","UG",800,"Africa","Eastern Africa, Sub-Saharan Africa",200520,242.2817,627.5097,30,0.9302,0.9227,0.6332,1
430,5418377,0.02182,111369,"Liberia","LBR","LR",430,"Africa","Western Africa, Sub-Saharan Africa",96320,56.2539,145.6976,120,0.9084,0.9038,0.4883,2
450,30325732,0.02411,587041,"Madagascar","MDG","MG",450,"Africa","Eastern Africa, Sub-Saharan Africa",581800,52.124,135.0011,50,0.8791,0.0204,0.5191,3
180,102262808,0.03285,2344858,"DR Congo","COD","CD",180,"Africa","Middle Africa, Sub-Saharan Africa",2267050,45.1083,116.8305,15,0.8747,0.8705,0.7021,4
178,6106869,0.02285,342000,"Republic of the Congo","COG","CG",178,"Africa","Middle Africa, Sub-Saharan Africa",341500,17.8825,46.3156,113,0.8747,0.6871,0.6642,5
120,28647293,0.02625,475442,"Cameroon","CMR","CM",120,"Africa","Middle Africa, Sub-Saharan Africa",472710,60.6023,156.9598,53,0.8635,0.8898,0.7338,6
148,18278568,0.03133,1284000,"Chad","TCD","TD",148,"Africa","Middle Africa, Sub-Saharan Africa",1259200,14.516,37.5965,67,0.862,0.8635,0.6411,7
404,55100586,0.01986,580367,"Kenya","KEN","KE",404,"Africa","Eastern Africa, Sub-Saharan Africa",569140,96.8138,250.7477,26,0.8588,0.886,0.7765,8
566,223804632,0.02408,923768,"Nigeria","NGA","NG",566,"Africa","Western Africa, Sub-Saharan Africa",910770,245.7312,636.4439,6,0.8505,0.8316,0.7421,9
140,5742315,0.02925,622984,"Central African Republic","CAF","CF",140,"Africa","Middle Africa, Sub-Saharan Africa",622980,9.2175,23.8733,117,0.8295,0.8334,0.7916,10
384,28873034,0.0253,322463,"Ivory Coast","CIV","CI",384,"Africa","Western Africa, Sub-Saharan Africa",318000,90.7957,235.1609,51,0.8204,0.7842,0.7551,11
694,8791092,0.02154,71740,"Sierra Leone","SLE","SL",694,"Africa","Western Africa, Sub-Saharan Africa",72180,121.794,315.4465,102,0.8191,0.7634,0.5395,12
706,18143378,0.03102,637657,"Somalia","SOM","SO",706,"Africa","Eastern Africa, Sub-Saharan Africa",627340,28.9211,74.9057,69,0.8117,0.0326,0.0028,13
624,2150842,0.0215,36125,"Guinea-Bissau","GNB","GW",624,"Africa","Western Africa, Sub-Saharan Africa",28120,76.488,198.1039,148,0.8082,0.8141,0.6128,14
262,1136455,0.01392,23200,"Djibouti","DJI","DJ",262,"Africa","Eastern Africa, Sub-Saharan Africa",23180,49.0274,126.981,160,0.7962,0.6558,0.0435,15
434,6888388,0.01116,1759540,"Libya","LBY","LY",434,"Africa","Northern Africa",1759540,3.9149,10.1395,107,0.792,0.0758,0.057,16
204,13712828,0.02696,112622,"Benin","BEN","BJ",204,"Africa","Western Africa, Sub-Saharan Africa",112760,121.6107,314.9718,77,0.7872,0.7905,0.5544,17
24,36684202,0.03077,1246700,"Angola","AGO","AO",24,"Africa","Middle Africa, Sub-Saharan Africa",1246700,29.425,76.2109,42,0.7867,0.787,0.6276,18
270,2773168,0.02483,10689,"Gambia","GMB","GM",270,"Africa","Western Africa, Sub-Saharan Africa",10120,274.0285,709.7337,141,0.7864,0.8076,0.097,19
894,20569737,0.02758,752612,"Zambia","ZMB","ZM",894,"Africa","Eastern Africa, Sub-Saharan Africa",743390,27.6702,71.6658,63,0.7808,0.8734,0.7359,20
4,42239854,0.02702,652230,"Afghanistan","AFG","AF",4,"Asia","South Central Asia, Southern Asia",652230,64.7622,167.7341,36,0.7693,0.6141,0.2717,21
266,2436566,0.01991,267668,"Gabon","GAB","GA",266,"Africa","Middle Africa, Sub-Saharan Africa",257670,9.4561,24.4914,146,0.769,0.7821,0.6674,22
710,60414495,0.00869,1221037,"South Africa","ZAF","ZA",710,"Africa","Southern Africa, Sub-Saharan Africa",1213090,49.8022,128.9876,24,0.7517,0.8652,0.8603,23
634,2716391,0.00789,11586,"Qatar","QAT","QA",634,"Asia","Western Asia, The Middle East",11490,236.4135,612.3109,143,0.7456,0.48,0.095,24
68,12388571,0.01345,1098581,"Bolivia","BOL","BO",68,"South America","South America, Latin America",1083300,11.436,29.6191,80,0.7396,0.224,0.2085,25
324,14190612,0.0239,245857,"Guinea","GIN","GN",324,"Africa","Western Africa, Sub-Saharan Africa",245720,57.7511,149.5755,75,0.7389,0.7725,0.2649,26
854,23251485,0.02548,272967,"Burkina Faso","BFA","BF",854,"Africa","Western Africa, Sub-Saharan Africa",273600,84.9835,220.1073,59,0.7377,0.7228,0.5798,27
834,67438106,0.02963,945087,"Tanzania","TZA","TZ",834,"Africa","Eastern Africa, Sub-Saharan Africa",885800,76.1324,197.183,22,0.7353,0.8983,0.6334,28
360,277534122,0.00738,1904569,"Indonesia","IDN","ID",360,"Asia","South-Eastern Asia",1877519,147.8196,382.8528,4,0.7351,0.768,0.234,29
740,623236,0.00841,163820,"Suriname","SUR","SR",740,"South America","South America, Latin America",156000,3.9951,10.3473,170,0.7332,0.331,0.791,30
231,126527060,0.02551,1104300,"Ethiopia","ETH","ET",231,"Africa","Eastern Africa, Sub-Saharan Africa",1128571.3,112.1126,290.3716,11,0.7235,0.8073,0.6249,31
729,48109006,0.02634,1886068,"Sudan","SDN","SD",729,"Africa","Northern Africa",1868000,25.7543,66.7036,31,0.7147,0.719,0.4307,32
20,80088,0.00331,468,"Andorra","AND","AD",20,"Europe","Southern Europe",470,170.4,441.336,203,0.7139,0.6848,0.2326,33
124,38781291,0.0085,9984670,"Canada","CAN","CA",124,"North America","Northern America",8965590,4.3256,11.2032,38,0.7124,0.5772,0.6958,34
768,9053799,0.02318,56785,"Togo","TGO","TG",768,"Africa","Western Africa, Sub-Saharan Africa",54390,166.4607,431.1333,99,0.7099,0.898,0.6596,35
586,240485658,0.01976,881912,"Pakistan","PAK","PK",586,"Asia","Southern Asia, South Central Asia",770880,311.9625,807.9829,5,0.7098,0.719,0.3848,36
84,410825,0.0137,22966,"Belize","BLZ","BZ",84,"North America","Central America, Latin America",22810,18.0107,46.6478,177,0.7015,0.6303,0.5813,37
583,115224,0.00929,702,"Micronesia","FSM","FM",583,"Oceania","Micronesia",700,164.6057,426.3288,194,0.7005,0.7483,0.6469,38
686,17763163,0.0258,196722,"Senegal","SEN","SN",686,"Africa","Western Africa, Sub-Saharan Africa",192530,92.2618,238.958,71,0.6939,0.7081,0.1497,39
508,33897354,0.02814,801590,"Mozambique","MOZ","MZ",508,"Africa","Eastern Africa, Sub-Saharan Africa",786380,43.1056,111.6434,48,0.6932,0.8125,0.6759,40
466,23293698,0.03099,1240192,"Mali","MLI","ML",466,"Africa","Western Africa, Sub-Saharan Africa",1220190,19.0902,49.4437,58,0.6906,0.8388,0.182,41
492,36297,-0.00472,2.02,"Monaco","MCO","MC",492,"Europe","Western Europe",2,18148.5,47004.615,217,0.6838,0.7305,0.3047,42
417,6735347,0.01579,199951,"Kyrgyzstan","KGZ","KG",417,"Asia","Central Asia, South Central Asia",191800,35.1165,90.9518,109,0.6752,0.5949,0.447,43
454,20931751,0.0258,118484,"Malawi","MWI","MW",454,"Africa","Eastern Africa, Sub-Saharan Africa",94280,222.0169,575.0237,62,0.6744,0.6023,0.8192,44
288,34121985,0.0193,238533,"Ghana","GHA","GH",288,"Africa","Western Africa, Sub-Saharan Africa",227533,149.965,388.4093,47,0.6733,0.6731,0.7987,45
364,89172767,0.00703,1648195,"Iran","IRN","IR",364,"Asia","Southern Asia, The Middle East",1622500,54.9601,142.3467,17,0.6684,0.7462,0.1152,46
524,30896590,0.01143,147181,"Nepal","NPL","NP",524,"Asia","Southern Asia, South Central Asia",143350,215.5325,558.2293,49,0.6632,0.7167,0.1417,47
414,4310108,0.00966,17818,"Kuwait","KWT","KW",414,"Asia","Western Asia, The Middle East",17820,241.8691,626.4411,129,0.6604,0.3444,0.6745,48
604,34352719,0.0089,1285216,"Peru","PER","PE",604,"South America","South America, Latin America",1280000,26.8381,69.5106,45,0.6566,0.3358,0.1988,49
218,18190484,0.01053,276841,"Ecuador","ECU","EC",218,"South America","South America, Latin America",248360,73.2424,189.6978,68,0.655,0.1308,0.1417,50
232,3748901,0.01761,117600,"Eritrea","ERI","ER",232,"Africa","Eastern Africa, Sub-Saharan Africa",121040.8,30.9722,80.218,131,0.6524,0.653,0.4253,51
562,27202843,0.03796,1267000,"Niger","NER","NE",562,"Africa","Western Africa, Sub-Saharan Africa",1266700,21.4754,55.6212,54,0.6518,0.6519,0.2013,52
780,1534937,0.00254,5130,"Trinidad and Tobago","TTO","TT",780,"North America","Caribbean",5130,299.208,774.9487,153,0.6475,0.1251,0.7936,53
764,71801279,0.00145,513120,"Thailand","THA","TH",764,"Asia","South-Eastern Asia",510890,140.5416,364.0026,20,0.6338,0.6344,0.0994,54
516,2604172,0.01448,825615,"Namibia","NAM","NA",516,"Africa","Southern Africa, Sub-Saharan Africa",823290,3.1631,8.1925,145,0.6329,0.7005,0.6626,55
70,3210847,-0.00701,51209,"Bosnia and Herzegovina","BIH","BA",70,"Europe","Southern Europe",51200,62.7119,162.4237,137,0.63,0.6751,0.6851,56
784,9516871,0.00802,83600,"United Arab Emirates","ARE","AE",784,"Asia","Western Asia, The Middle East",71020,134.0027,347.067,96,0.6252,0.4874,0.331,57
328,813834,0.00632,214969,"Guyana","GUY","GY",328,"South America","South America, Latin America",196850,4.1343,10.7078,164,0.6195,0.0688,0.7876,58
398,19606633,0.01076,2724900,"Kazakhstan","KAZ","KZ",398,"Asia","Central Asia",2699700,7.2625,18.8099,66,0.6171,0.6621,0.5898,59
478,4862989,0.02678,1030700,"Mauritania","MRT","MR",478,"Africa","Western Africa, Sub-Saharan Africa",1030700,4.7181,12.22,126,0.615,0.326,0.0149,60
64,787424,0.00635,38394,"Bhutan","BTN","BT",64,"Asia","Southern Asia, South Central Asia",38140,20.6456,53.4722,165,0.605,0.6056,0.3787,61
170,52085168,0.00407,1141748,"Colombia","COL","CO",170,"South America","South America, Latin America",1109500,46.9447,121.5868,28,0.6014,0.0193,0.1478,62
400,11337052,0.00454,89342,"Jordan","JOR","JO",400,"Asia","Western Asia, The Middle East",88794,127.6781,330.6864,83,0.5926,0.0396,0.0659,63
192,11194449,-0.00158,109884,"Cuba","CUB","CU",192,"North America","Caribbean",103800,107.8463,279.322,85,0.5908,0,0.5059,64
458,34308525,0.01091,330803,"Malaysia","MYS","MY",458,"Asia","South-Eastern Asia",328550,104.4241,270.4583,46,0.588,0.597,0.6657,65
428,1830211,-0.01105,64559,"Latvia","LVA","LV",428,"Europe","Northern Europe",62230,29.4104,76.173,151,0.5867,0.5795,0.5556,66
520,12780,0.00884,21,"Nauru","NRU","NR",520,"Oceania","Micronesia",20,639,1655.01,225,0.5832,0.6161,0.6194,67
688,7149077,-0.01001,88361,"Serbia","SRB","RS",688,"Europe","Southern Europe",87460,81.7411,211.7095,105,0.5736,0,0,68
438,39584,0.00654,160,"Liechtenstein","LIE","LI",438,"Europe","Western Europe",160,247.4,640.766,216,0.5726,0.2246,0.3343,69
56,11686140,0.00259,30528,"Belgium","BEL","BE",56,"Europe","Western Europe",30280,385.9359,999.5741,82,0.5554,0.5409,0.2127,70
498,3435931,0.04978,33846,"Moldova","MDA","MD",498,"Europe","Eastern Europe",32884.6,104.4845,270.6149,134,0.5535,0.5533,0.5603,71
591,4468087,0.0135,75417,"Panama","PAN","PA",591,"North America","Central America, Latin America",74180,60.233,156.0036,128,0.5528,0.3873,0.3338,72
242,936375,0.00711,18272,"Fiji","FJI","FJ",242,"Oceania","Melanesia",18270,51.2521,132.7428,162,0.5479,0.5479,0.5682,73
484,128455567,0.00746,1964375,"Mexico","MEX","MX",484,"North America","Central America, Latin America",1943950,66.0797,171.1463,10,0.5418,0.1511,0.1796,74
96,452524,0.00784,5765,"Brunei","BRN","BN",96,"Asia","South-Eastern Asia",5270,85.8679,222.3979,175,0.5416,0.3438,0.4404,75
76,216422446,0.00515,8515767,"Brazil","BRA","BR",76,"South America","South America, Latin America",8358140,25.8936,67.0645,7,0.5408,0.0468,0.6054,76
760,23227014,0.0498,185180,"Syria","SYR","SY",760,"Asia","Western Asia, The Middle East",183630,126.4881,327.6042,60,0.5399,0.1817,0.431,77
756,8796669,0.00643,41284,"Switzerland","CHE","CH",756,"Europe","Western Europe",39516,222.6103,576.5607,101,0.5314,0.5441,0.6083,78
442,654768,0.01107,2586,"Luxembourg","LUX","LU",442,"Europe","Western Europe",2574.5,254.3282,658.7101,168,0.5302,0.644,0.0911,79
418,7633779,0.01385,236800,"Laos","LAO","LA",418,"Asia","South-Eastern Asia",230800,33.0753,85.665,103,0.5139,0.6382,0.5453,80
320,18092026,0.01391,108889,"Guatemala","GTM","GT",320,"North America","Central America, Latin America",107160,168.8319,437.2746,70,0.5122,0.4586,0.3753,81
762,10143543,0.01917,143100,"Tajikistan","TJK","TJ",762,"Asia","Central Asia, South Central Asia",138790,73.0855,189.2916,95,0.5107,0.5473,0.3386,82
104,54577997,0.00736,676578,"Myanmar","MMR","MM",104,"Asia","South-Eastern Asia",652670,83.6227,216.5827,27,0.5062,0.5072,0.1974,83
233,1322765,-0.00249,45227,"Estonia","EST","EE",233,"Europe","Northern Europe",42750,30.9419,80.1394,156,0.5062,0.4944,0.4985,84
807,2085679,-0.00378,25713,"North Macedonia","MKD","MK",807,"Europe","Southern Europe",25220,82.6994,214.1915,150,0.5023,0.5021,0.5899,85
48,1485509,0.00902,765,"Bahrain","BHR","BH",48,"Asia","Western Asia, The Middle East",785,1892.3682,4901.2335,154,0.5021,0.4344,0.5528,86
862,28838499,0.01897,916445,"Venezuela","VEN","VE",862,"South America","South America, Latin America",882050,32.6949,84.6797,52,0.4966,0.0686,0.135,87
268,3728282,-0.0043,69700,"Georgia","GEO","GE",268,"Asia","Western Asia",69490,53.6521,138.9588,132,0.4923,0.4749,0.6543,88
840,339996563,0.00505,9372610,"United States","USA","US",840,"North America","Northern America",9147420,37.1686,96.2666,3,0.4901,0.5647,0.8241,89
558,7046310,0.01409,130373,"Nicaragua","NIC","NI",558,"North America","Central America, Latin America",120340,58.5533,151.6532,106,0.4844,0.0473,0.429,90
504,37840044,0.0102,446550,"Morocco","MAR","MA",504,"Africa","Northern Africa",446300,84.7861,219.596,39,0.4841,0.4683,0.0035,91
804,36744634,-0.07448,603500,"Ukraine","UKR","UA",804,"Europe","Eastern Europe",579400,63.4184,164.2537,41,0.4737,0.4741,0.6157,92
480,1300557,0.00084,2040,"Mauritius","MUS","MU",480,"Africa","Eastern Africa, Sub-Saharan Africa",2030,640.6685,1659.3313,157,0.4634,0.4547,0.6385,93
512,4644384,0.01488,309500,"Oman","OMN","OM",512,"Asia","Western Asia, The Middle East",309500,15.0061,38.8658,127,0.4373,0.3567,0.4322,94
585,18058,0.00017,459,"Palau","PLW","PW",585,"Oceania","Micronesia",460,39.2565,101.6744,222,0.4312,0.3157,0.7147,95
214,11332972,0.00928,48671,"Dominican Republic","DOM","DO",214,"North America","Caribbean",48310,234.5885,607.5843,84,0.4294,0.0395,0.3118,96
44,412623,0.00644,13943,"Bahamas","BHS","BS",44,"North America","Caribbean",10010,41.2211,106.7626,176,0.4228,0.1855,0.6815,97
356,1428627663,0.00808,3287590,"India","IND","IN",356,"Asia","Southern Asia, South Central Asia",2973190,480.5033,1244.5036,1,0.4182,0.8069,0.326,98
132,598682,0.00933,4033,"Cape Verde","CPV","CV",132,"Africa","Western Africa, Sub-Saharan Africa",4033,148.4458,384.4747,171,0.4174,0,0.0766,99
724,47519628,-0.00082,505992,"Spain","ESP","ES",724,"Europe","Southern Europe",499556.6,95.1236,246.3702,32,0.4165,0.4132,0.4514,100
144,21893579,0.00281,65610,"Sri Lanka","LKA","LK",144,"Asia","Southern Asia, South Central Asia",61860,353.9214,916.6565,61,0.415,0.4645,0.4853,101
388,2825544,-0.00065,10991,"Jamaica","JAM","JM",388,"North America","Caribbean",10830,260.8997,675.7303,139,0.4129,0.1098,0.616,102
860,35163944,0.01549,447400,"Uzbekistan","UZB","UZ",860,"Asia","Central Asia, South Central Asia",440650,79.8002,206.6824,43,0.4125,0.412,0.2133,103
72,2675352,0.01713,582000,"Botswana","BWA","BW",72,"Africa","Southern Africa, Sub-Saharan Africa",566730,4.7207,12.2266,144,0.4102,0.411,0.5986,104
100,6687717,-0.0139,110879,"Bulgaria","BGR","BG",100,"Europe","Eastern Europe",108560,61.6039,159.554,110,0.4021,0.3031,0.5965,105
554,5228100,0.00826,270467,"New Zealand","NZL","NZ",554,"Oceania","Australia and New Zealand",263310,19.8553,51.4252,123,0.3969,0.1657,0.811,106
795,6516100,0.01327,488100,"Turkmenistan","TKM","TM",795,"Asia","Central Asia, South Central Asia",469930,13.8661,35.9132,111,0.3918,0.3984,0.2327,107
716,16665409,0.02113,390757,"Zimbabwe","ZWE","ZW",716,"Africa","Eastern Africa, Sub-Saharan Africa",386850,43.0798,111.5766,74,0.3874,0.4472,0.7363,108
702,6014723,0.00653,710,"Singapore","SGP","SG",702,"Asia","South-Eastern Asia",718,8377.0515,21696.5635,114,0.3857,0.3835,0.6561,109
191,4008617,-0.00539,56594,"Croatia","HRV","HR",191,"Europe","Southern Europe",55960,71.6336,185.5311,130,0.369,0.0763,0.4447,110
368,45504560,0.02266,438317,"Iraq","IRQ","IQ",368,"Asia","Western Asia, The Middle East",434128,104.8183,271.4794,35,0.3689,0.3694,0.4844,111
496,3447157,0.01436,1564110,"Mongolia","MNG","MN",496,"Asia","Eastern Asia",1557506.8,2.2133,5.7323,133,0.3682,0.3734,0.0799,112
226,1714671,0.02374,28051,"Equatorial Guinea","GNQ","GQ",226,"Africa","Middle Africa, Sub-Saharan Africa",28050,61.1291,158.3243,152,0.3467,0.322,0.1195,113
376,9174520,0.01507,20770,"Israel","ISR","IL",376,"Asia","Western Asia, The Middle East",21640,423.9612,1098.0595,98,0.3436,0.5525,0.3469,114
12,45606480,0.01566,2381741,"Algeria","DZA","DZ",12,"Africa","Northern Africa",2381741,19.1484,49.5943,34,0.3394,0.4427,0.0091,115
646,14094683,0.02308,26338,"Rwanda","RWA","RW",646,"Africa","Eastern Africa, Sub-Saharan Africa",24670,571.3289,1479.7417,76,0.3238,0,0.5066,116
440,2718352,-0.01153,65300,"Lithuania","LTU","LT",440,"Europe","Northern Europe",62620,43.4103,112.4326,142,0.3223,0.3219,0.4141,117
203,10495295,0.00013,78865,"Czech Republic","CZE","CZ",203,"Europe","Eastern Europe",77198.5,135.9521,352.1158,89,0.3222,0.3233,0.6591,118
112,9498238,-0.00385,207600,"Belarus","BLR","BY",112,"Europe","Eastern Europe",202980,46.794,121.1964,97,0.3222,0.4666,0.6116,119
792,85816199,0.00557,783562,"Turkey","TUR","TR",792,"Asia","Western Asia, The Middle East",783562,109.5206,283.6584,18,0.32,0.2216,0.0049,120
642,19892812,0.01188,238391,"Romania","ROU","RO",642,"Europe","Eastern Europe",230080,86.4604,223.9325,64,0.3069,0.1723,0.2373,121
670,103698,-0.00241,389,"Saint Vincent and the Grenadines","VCT","VC",670,"North America","Caribbean",390,265.8923,688.6611,199,0.3066,0.0175,0.7028,122
108,13238559,0.02708,27834,"Burundi","BDI","BI",108,"Africa","Eastern Africa, Sub-Saharan Africa",25680,515.5202,1335.1973,78,0.2951,0.2977,0.5158,123
674,33642,-0.00054,61,"San Marino","SMR","SM",674,"Europe","Southern Europe",60,560.7,1452.213,218,0.2927,0,0.1975,124
158,23923276,0.00125,36193,"Taiwan","TWN","TW",158,"Asia","Eastern Asia",36197,660.9188,1711.7796,57,0.2744,0.5028,0.6845,125
598,10329931,0.01847,462840,"Papua New Guinea","PNG","PG",598,"Oceania","Melanesia",452860,22.8104,59.079,92,0.2718,0.3526,0.5523,126
308,126183,0.00594,344,"Grenada","GRD","GD",308,"North America","Caribbean",340,371.1265,961.2176,193,0.2661,0,0.5898,127
32,45773884,0.00579,2780400,"Argentina","ARG","AR",32,"South America","South America, Latin America",2736690,16.726,43.3203,33,0.255,0.0618,0.2236,128
426,2330318,0.01062,30355,"Lesotho","LSO","LS",426,"Africa","Southern Africa, Sub-Saharan Africa",30360,76.7562,198.7985,147,0.255,0.2543,0.7211,129
703,5795199,0.02689,49037,"Slovakia","SVK","SK",703,"Europe","Eastern Europe",49035,118.1849,306.099,116,0.2539,0.2551,0.5655,130
858,3423108,0.00009,181034,"Uruguay","URY","UY",858,"South America","South America, Latin America",175020,19.5584,50.6562,135,0.2504,0.0817,0.3548,131
643,144444359,-0.00186,17098242,"Russia","RUS","RU",643,"Europe","Eastern Europe",16376870,8.82,22.8439,9,0.2452,0.2485,0.4398,132
608,117337368,0.01539,342353,"Philippines","PHL","PH",608,"Asia","South-Eastern Asia",298170,393.5251,1019.2299,13,0.2385,0.836,0.3056,133
704,98858950,0.00685,331212,"Vietnam","VNM","VN",704,"Asia","South-Eastern Asia",313429,315.411,816.9145,16,0.2383,0.2377,0.508,134
188,5212173,0.00605,51100,"Costa Rica","CRI","CR",188,"North America","Central America, Latin America",51060,102.0794,264.3856,124,0.2368,0.0489,0.241,135
705,2119675,-0.00008,20273,"Slovenia","SVN","SI",705,"Europe","Southern Europe",20136.4,105.2658,272.6385,149,0.2216,0.2201,0.2868,136
8,2832439,-0.00348,28748,"Albania","ALB","AL",8,"Europe","Southern Europe",27400,103.3737,267.7378,138,0.2204,0.0399,0.4719,137
116,16944826,0.01056,181035,"Cambodia","KHM","KH",116,"Asia","South-Eastern Asia",176520,95.9938,248.6239,73,0.2105,0.2104,0.0965,138
31,10412651,0.00527,86600,"Azerbaijan","AZE","AZ",31,"Asia","Western Asia",82646,125.991,326.3167,90,0.2047,0.2054,0.4899,139
690,107660,0.00506,452,"Seychelles","SYC","SC",690,"Africa","Eastern Africa, Sub-Saharan Africa",460,234.0435,606.1726,197,0.2025,0.1606,0.2323,140
212,73040,0.00417,751,"Dominica","DMA","DM",212,"North America","Caribbean",750,97.3867,252.2315,204,0.2003,0,0.4628,141
222,6364943,0.00451,21041,"El Salvador","SLV","SV",222,"North America","Central America, Latin America",20720,307.1884,795.6179,112,0.1978,0,0.3559,142
340,10593798,0.01543,112492,"Honduras","HND","HN",340,"North America","Central America, Latin America",111890,94.6805,245.2224,88,0.1867,0.0553,0.2357,143
152,19629590,0.00132,756102,"Chile","CHL","CL",152,"South America","South America, Latin America",743532,26.4005,68.3772,65,0.1861,0.1871,0.3841,144
659,47755,0.00206,261,"Saint Kitts and Nevis","KNA","KN",659,"North America","Caribbean",260,183.6731,475.7133,211,0.1842,0,0.6614,145
818,112716598,0.01556,1002450,"Egypt","EGY","EG",818,"Africa","Northern Africa, The Middle East",995450,113.2318,293.2704,14,0.1836,0.0237,0.1979,146
682,36947025,0.01478,2149690,"Saudi Arabia","SAU","SA",682,"Asia","Western Asia, The Middle East",2149690,17.1871,44.5147,40,0.18,0.0949,0.127,147
662,180251,0.00219,616,"Saint Lucia","LCA","LC",662,"North America","Caribbean",610,295.4934,765.328,190,0.1769,0.3169,0.332,148
600,6861524,0.01191,406752,"Paraguay","PRY","PY",600,"South America","South America, Latin America",397300,17.2704,44.7303,108,0.1689,0.5975,0.2123,149
276,83294633,-0.0009,357114,"Germany","DEU","DE",276,"Europe","Western Europe",349390,238.4002,617.4564,19,0.1682,0.1642,0.6571,150
28,94298,0.00571,442,"Antigua and Barbuda","ATG","AG",28,"North America","Caribbean",440,214.3136,555.0723,201,0.1643,0.1063,0.684,151
798,11396,0.00743,26,"Tuvalu","TUV","TV",798,"Oceania","Polynesia",30,379.8667,983.8547,227,0.1629,0.1372,0.2524,152
300,10341277,-0.00421,131990,"Greece","GRC","GR",300,"Europe","Southern Europe",128900,80.2271,207.7883,91,0.1576,0.03,0.153,153
156,1425671352,-0.00015,9706961,"China","CHN","CN",156,"Asia","Eastern Asia",9424702.9,151.2696,391.7884,2,0.1538,0.1327,0.6643,154
348,10156239,0.01896,93028,"Hungary","HUN","HU",348,"Europe","Eastern Europe",91260,111.2891,288.2386,94,0.1522,0.0297,0.5244,155
52,281995,0.00128,430,"Barbados","BRB","BB",52,"North America","Caribbean",430,655.8023,1698.528,186,0.1423,0.0926,0.6934,156
882,225681,0.01484,2842,"Samoa","WSM","WS",882,"Oceania","Polynesia",2780,81.1802,210.2568,188,0.1376,0.0111,0.7871,157
246,5545475,0.00085,338424,"Finland","FIN","FI",246,"Europe","Northern Europe",303940,18.2453,47.2553,118,0.1315,0.1412,0.2531,158
422,5353930,-0.02474,10452,"Lebanon","LBN","LB",422,"Asia","Western Asia, The Middle East",10230,523.3558,1355.4916,122,0.1314,0.1312,0.7886,159
51,2777970,-0.0009,29743,"Armenia","ARM","AM",51,"Asia","Western Asia",28470,97.5753,252.7201,140,0.1272,0.1292,0.4576,160
826,67736802,0.00338,242900,"United Kingdom","GBR","GB",826,"Europe","Northern Europe",241930,279.9851,725.1615,21,0.1211,0.0532,0.6944,161
372,5056935,0.00673,70273,"Ireland","IRL","IE",372,"Europe","Northern Europe",68890,73.4059,190.1214,125,0.1206,0.0312,0.155,162
616,41026067,0.02933,312679,"Poland","POL","PL",616,"Europe","Eastern Europe",306130,134.0152,347.0993,37,0.1183,0.0468,0.1712,163
380,58870762,-0.00282,301336,"Italy","ITA","IT",380,"Europe","Southern Europe",295717,199.078,515.6121,25,0.1145,0.1147,0.3027,164
90,740424,0.0223,28896,"Solomon Islands","SLB","SB",90,"Oceania","Melanesia",27990,26.4532,68.5137,166,0.111,0.5254,0.6708,165
40,8958960,0.00216,83871,"Austria","AUT","AT",40,"Europe","Western Europe",82520,108.5671,281.1889,100,0.1068,0.1522,0.4146,166
528,17618299,0.00309,41850,"Netherlands","NLD","NL",528,"Europe","Western Europe",33670,523.264,1355.2538,72,0.1054,0.5143,0.7222,167
250,64756584,0.00201,551695,"France","FRA","FR",250,"Europe","Western Europe",547557,118.2646,306.3052,23,0.1032,0.1221,0.4029,168
332,11724763,0.01206,27750,"Haiti","HTI","HT",332,"North America","Caribbean",27560,425.4268,1101.8554,81,0.095,0,0.4704,169
196,1260138,0.00691,9251,"Cyprus","CYP","CY",196,"Europe","Eastern Europe, The Middle East",9240,136.3786,353.2205,158,0.0939,0.3962,0.3962,170
36,26439111,0.01,7692024,"Australia","AUS","AU",36,"Oceania","Australia and New Zealand",7692020,3.4372,8.9024,55,0.0929,0.3349,0.8211,171
776,107773,0.00856,747,"Tonga","TON","TO",776,"Oceania","Polynesia",720,149.6847,387.6834,196,0.0869,0.3782,0.6214,172
208,5910913,0.00487,43094,"Denmark","DNK","DK",208,"Europe","Northern Europe",40000,147.7728,382.7316,115,0.0819,0.1049,0.2333,173
352,375318,0.00649,103000,"Iceland","ISL","IS",352,"Europe","Northern Europe",100830,3.7223,9.6407,179,0.0798,0.082,0.1913,174
344,7491609,0.00037,1104,"Hong Kong","HKG","HK",344,"Asia","Eastern Asia",1050,7134.8657,18479.3022,104,0.062,0.2128,0.4191,175
584,41996,0.01027,181,"Marshall Islands","MHL","MH",584,"Oceania","Micronesia",180,233.3111,604.2758,215,0.0603,0.0734,0.5207,176
752,10612086,0.00595,450295,"Sweden","SWE","SE",752,"Europe","Northern Europe",407283.5,26.0558,67.4844,87,0.06,0.1968,0.2342,177
578,5474360,0.00737,323802,"Norway","NOR","NO",578,"Europe","Northern Europe",364285,15.0277,38.9217,119,0.0586,0.0673,0.2048,178
748,1210822,0.00762,17364,"Eswatini","SWZ","SZ",748,"Africa","Southern Africa, Sub-Saharan Africa",17200,70.3966,182.3273,159,0.0582,0.1722,0.4444,179
296,133515,0.0174,811,"Kiribati","KIR","KI",296,"Oceania","Micronesia",810,164.8333,426.9183,192,0.0511,0.0237,0.5541,180
620,10247605,-0.00227,92090,"Portugal","PRT","PT",620,"Europe","Southern Europe",91605.6,111.8666,289.7344,93,0.0468,0.0198,0.1438,181
50,172954319,0.01033,147570,"Bangladesh","BGD","BD",50,"Asia","Southern Asia, South Central Asia",130170,1328.6803,3441.2821,8,0.0454,0.0925,0.209,182
470,535064,0.00333,316,"Malta","MLT","MT",470,"Europe","Southern Europe",320,1672.075,4330.6743,173,0.0414,0.0907,0.1223,183
548,334506,0.02377,12189,"Vanuatu","VUT","VU",548,"Oceania","Melanesia",12190,27.441,71.0722,182,0.0413,0.5794,0.7044,184
788,12458223,0.00826,163610,"Tunisia","TUN","TN",788,"Africa","Northern Africa",155360,80.1894,207.6905,79,0.0394,0.0124,0.0104,185
410,51784059,-0.00061,100210,"South Korea","KOR","KR",410,"Asia","Eastern Asia",97600,530.5744,1374.1876,29,0.0392,0.0028,0.4891,186
392,123294513,-0.0053,377930,"Japan","JPN","JP",392,"Asia","Eastern Asia",364500,338.2566,876.0845,12,0.0119,0.0178,0.5406,187
408,26160821,0.00351,120538,"North Korea","PRK","KP",408,"Asia","Eastern Asia",120410,217.2645,562.7151,56,0.002,0.0021,0.6604,188
887,34449825,0.02235,527968,"Yemen","YEM","YE",887,"Asia","Western Asia, The Middle East",527970,65.2496,168.9964,44,0,0.008,0.0023,189
728,11088796,0.01609,619745,"South Sudan","SSD","SS",728,"Africa","Middle Africa, Sub-Saharan Africa",631930,17.5475,45.448,86,0,0,0,190
275,5371230,0.02308,6220,"Palestine","PSE","PS",275,"Asia","Western Asia, The Middle East",6020,892.2309,2310.878,121,0,0.0104,0.0342,191
630,3260314,0.00243,8870,"Puerto Rico","PRI","PR",630,"North America","Caribbean",8870,367.5664,951.997,136,0,0.0352,0.4952,192
626,1360596,0.01439,14874,"Timor-Leste","TLS","TL",626,"Asia","South-Eastern Asia",14870,91.4994,236.9834,155,0,0.5261,0.4254,193
638,981796,0.00795,2511,"Reunion","REU","RE",638,"Africa","Eastern Africa, Sub-Saharan Africa",2512,390.8424,1012.2817,161,0,0.1578,0.1952,194
174,852075,0.01829,1862,"Comoros","COM","KM",174,"Africa","Eastern Africa, Sub-Saharan Africa",1861,457.8587,1185.854,163,0,0.0103,0.0137,195
446,704149,0.01292,32.9,"Macau","MAC","MO",446,"Asia","Eastern Asia",32.9,21402.7052,55433.0064,167,0,0.2519,0.5511,196
499,626485,-0.00095,13812,"Montenegro","MNE","ME",499,"Europe","Southern Europe",13450,46.5788,120.6391,169,0,0,0,197
462,521020.99999999994,-0.00528,300,"Maldives","MDV","MV",462,"Asia","Southern Asia, South Central Asia",300,1736.7367,4498.148,174,0,0,0,198
312,395839,0.00022,1628,"Guadeloupe","GLP","GP",312,"North America","Caribbean, Latin America",1628,243.1443,629.7439,178,0,0.0933,0.3069,199
474,366981,-0.00143,1128,"Martinique","MTQ","MQ",474,"North America","Caribbean, Latin America",1128,325.3378,842.6248,180,0,0,0.2336,200
175,335995,0.03034,374,"Mayotte","MYT","YT",175,"Africa","Eastern Africa, Sub-Saharan Africa",374,898.3824,2326.8103,181,0,0.7212,0.062,201
254,312155,0.02495,83534,"French Guiana","GUF","GF",254,"South America","South America, Latin America",83534,3.7369,9.6785,183,0,0.1154,0.4959,202
258,308872,0.00847,4167,"French Polynesia","PYF","PF",258,"Oceania","Polynesia",3471,88.9865,230.4749,184,0,0.6078,0.5813,203
540,292991,0.01049,18575,"New Caledonia","NCL","NC",540,"Oceania","Melanesia",18280,16.028,41.5124,185,0,0.6633,0.5462,204
678,231856,0.01969,964,"Sao Tome and Principe","STP","ST",678,"Africa","Middle Africa, Sub-Saharan Africa",960,241.5167,625.5282,187,0,0.2322,0.1866,205
316,172952,0.00686,549,"Guam","GUM","GU",316,"Oceania","Micronesia",540,320.2815,829.529,191,0,0.732,0.4082,206
832,111802,0.00924,116,"Jersey","JEY","JE",832,"Europe","Northern Europe, Sub-Saharan Africa",120,931.6833,2413.0598,195,0,0,0.5479,207
533,106277,-0.00158,180,"Aruba","ABW","AW",533,"North America","Caribbean",180,590.4278,1529.2079,198,0,0.3889,0.4107,208
850,98750,-0.00719,347,"United States Virgin Islands","VIR","VI",850,"North America","Caribbean",347,284.5821,737.0677,200,0,0.314,0.6359,209
833,84710,0.00226,572,"Isle of Man","IMN","IM",833,"Europe","Northern Europe",570,148.614,384.9104,202,0,0,0.4729,210
60,64069,-0.00179,54,"Bermuda","BMU","BM",60,"North America","Northern America",54,1186.463,3072.9391,206,0,0,0.7112,211
304,56643,0.00314,2166086,"Greenland","GRL","GL",304,"North America","Northern America",410450,0.138,0.3574,208,0,0.2188,0.4592,212
234,53270,0.00339,1393,"Faroe Islands","FRO","FO",234,"Europe","Northern Europe",1366,38.9971,101.0024,209,0,0,0.3147,213
580,49796,0.00494,464,"Northern Mariana Islands","MNP","MP",580,"Oceania","Micronesia",460,108.2522,280.3731,210,0,0.7754,0.4811,214
16,43914,-0.00811,199,"American Samoa","ASM","AS",16,"Oceania","Polynesia",200,219.57,568.6863,214,0,0.1733,0.6395,215
336,518,0.01569,0.44,"Vatican City","VAT","VA",336,"Europe","Southern Europe",0.44,1177.2727,3049.1364,234,0,0,0,216